time,joint_1,joint_2,joint_3,joint_4,joint_5,joint_6
0.0,0.14886306727000512,1.7957640492757954,0.2727653894945143,-2.0589548563356113,-1.7214111554760962,0.0007227244829773097
0.004166666666666667,0.12735172481290538,1.828303542432505,0.2605443419009046,-2.07884634564801,-1.7005934450292317,0.000519965518263684
0.008333333333333333,0.041306354984506466,1.9584615150593434,0.21166015152646567,-2.158412302897606,-1.6173226032417733,-0.00029107034059081894
0.0125,0.019795012527406744,1.991001008216053,0.19943910393285594,-2.178303792210005,-1.5965048927949088,-0.0004938293053044446
0.016666666666666666,-0.04473901484389233,2.0886194876861817,0.1627759611520268,-2.2379782601472016,-1.534051761454315,-0.0011021061994453208
